ISO_Code,Name,Official Name,UN Country Code,Population MM,GDP B Dollars,GNI B PPP,GDP per Capita,Gini Index,Primary Energy Quads,MM BTU per Capita,Teen Birth Rate,Percent Female Legislators,Infant Mortality,Human Development Index,Corruption Perceptions Index,Happiness Index,Happy Planet Index,Freedom Score,Freedom Status,Economic Freedom Index,STC Health Index,Prosperity Index,Colonial End,Colonial Years,Colonial Transformation
ABW,Aruba,,,0.106766,,,,,,,19.6732,,,,,,,,,,,,,,
AFG,Afghanistan,,,38.928341,20.11613733,81.64692647,2077.874554,,,,61.325,27.86885246,46.5,0.511,16,2.523,29.4,27,Not Free,53,0.08,33.7,1919,39,28
AGO,Angola,the Republic of Angola,24,32.866268,58.37597629,193.8966638,6443.03268,51.3,,21.61184547,145.39,30,50.2,0.581,29,,,31,Not Free,54.2,0,39.1,1975,469,88
AIA,Anguilla,,,,,,,,,,,,,,,,,,,,,,,,
ALA,Åland,,,,,,,,,,,,,,,,,,,,,,,,
ALB,Albania,the Republic of Albania,8,2.837743,14.88762927,38.78146263,13899.93398,33.2,,32.08211477,19.5028,29.50819672,8.6,0.795,35,5.117,51,66,Partly Free,65.2,0.76,59.5,,,
AND,Andorra,the Principality of Andorra,20,0.077265,3.155065488,,,,,,,46.42857143,2.8,0.868,,,,93,Free,,0.88,,,,
ARE,United Arab Emirates,the United Arab Emirates,784,9.8904,358.8687652,659.2993985,66746.63494,26,3.97,303.5127517,5.2276,50,6.4,0.89,69,6.561,34.3,17,Not Free,76.9,0.87,67.3,1971,121,22
ARG,Argentina,the Argentine Republic,32,45.376763,389.2880563,917.4756461,20762.99168,42.9,2.99,80.55383347,62.3488,40.15748031,8.2,0.845,38,5.929,50,84,Free,52.7,0.83,61.2,,,
ARM,Armenia,the Republic of Armenia,51,2.963234,12.6412098,38.82046127,13307.15661,29.9,,40.31455519,20.282,23.48484848,10.5,0.776,49,5.283,54.7,55,Partly Free,71.9,0.72,61.9,,,
ASM,American Samoa,,,0.055197,0.709,,,,,,,,,,,,,,,,,,,,
ATG,Antigua and Barb.,Antigua and Barbuda,28,0.097928,1.370281481,1.753551274,18235.07517,,,,40.88,11.11111111,5.8,0.778,,,,85,Free,,0.89,,,,
AUS,Australia,Australia,36,25.687041,1327.836171,1318.414721,52397.38705,,5.28,217.615383,10.9366,30.46357616,3.1,0.944,73,7.183,43.1,97,Free,82.4,0.94,78.8,,,
AUT,Austria,the Republic of Austria,40,8.917205,433.2584677,495.6739983,55648.87456,30.8,1.31,150.808042,6.7488,39.3442623,2.8,0.922,74,7.268,46.8,93,Free,73.9,0.9,79.7,,,
AZE,Azerbaijan,the Republic of Azerbaijan,31,10.093121,42.60717647,145.2305719,14474.31336,,0.59,59.60726837,57.1572,16.80672269,18.2,0.756,30,5.171,48,10,Not Free,70.1,0.72,56.6,,,
BDI,Burundi,the Republic of Burundi,108,11.890781,2.841786382,9.213232729,770.8760716,,,,53.9132,36.36363636,39.9,0.433,19,3.775,37.7,14,Not Free,49.9,0,38.5,1962,65,65
BEL,Belgium,the Kingdom of Belgium,56,11.555997,521.8612926,614.5896337,52626.58164,27.2,2.08,186.026391,4.4898,42,2.7,0.931,73,6.834,42.5,96,Free,70.1,0.89,76.3,,,
BEN,Benin,the Republic of Benin,204,12.123198,15.65154533,42.03950931,3504.118981,,,16.53958551,81.9768,7.228915663,59,0.545,42,5.045,41.4,65,Partly Free,59.6,0.18,48.6,1960,82,56
BFA,Burkina Faso,Burkina Faso,854,20.903278,17.93360635,44.15496334,2273.170019,,,,99.8026,13.38582677,53.9,0.452,42,4.834,41.5,54,Partly Free,56.5,0.27,45.2,1960,64,49
BGD,Bangladesh,the People's Republic of Bangladesh,50,164.689383,323.056958,887.3169638,5136.739645,32.4,1.51,9.097395042,81.6636,20.63037249,25.6,0.632,26,5.025,54.5,39,Partly Free,56.5,0.5,47.3,1947,190,40
BGR,Bulgaria,the Republic of Bulgaria,100,6.934015,69.88934743,167.4670224,24619.95089,41.3,0.65,98.3212948,38.7932,25.83333333,5.6,0.816,42,5.266,40.1,78,Free,70.4,0.69,65.4,,,
BHR,Bahrain,the Kingdom of Bahrain,48,1.701583,34.72922872,69.15664171,43739.56152,,,420.505656,13.11,15,5.9,0.852,42,6.647,33.6,12,Not Free,69.9,0.87,61.3,1971,111,24
BHS,Bahamas,the Commonwealth of the Bahamas,44,0.393248,9.9075,12.10338109,32526.45224,,,,28.4498,12.82051282,10.9,0.814,64,,,91,Free,64.6,0.81,,,,
BIH,Bosnia and Herz.,Bosnia and Herzegovina,70,3.280815,19.94649656,51.17075858,15732.83572,,,89.16491177,8.656,21.42857143,5.1,0.78,35,5.813,47.8,53,Partly Free,62.9,0.69,58,,,
BLM,St-Barthélemy,,,,,,,,,,,,,,,,,,,,,,,,
BLR,Belarus,the Republic of Belarus,112,9.379952,60.25823906,181.8740268,20231.66501,25.3,0.93,116.5327941,12.9962,40,2.4,0.823,41,5.534,42.9,11,Not Free,61,0.76,60.1,,,
BLZ,Belize,Belize,84,0.397621,1.636280797,2.474734988,6455.231821,,,,67.611,9.375,10.6,0.716,,,,87,Free,57.5,0.72,55.1,,,
BMU,Bermuda,,,0.063903,6.8427,5.313778353,80799.51694,,,,,,,,,,,,,,,,,,
BOL,Bolivia,the Plurinational State of Bolivia,68,11.673029,36.57276486,95.41267524,8272.409814,41.6,,30.88022632,62.9084,53.07692308,21.2,0.718,30,5.716,45,66,Partly Free,42.7,0.41,52.2,,,
BRA,Brazil,the Federative Republic of Brazil,76,212.559409,1444.733259,3091.872015,14829.89042,53.4,11.38,59.3478582,56.6606,15.00974659,12.4,0.765,38,6.33,54.6,74,Free,53.4,0.84,59.6,,,
BRB,Barbados,Barbados,52,0.287371,4.418,3.675483823,13344.59918,,,,28.7104,20,11.7,0.814,65,,,95,Free,65,0.86,,,,
BRN,Brunei,Brunei Darussalam,96,0.437483,12.00582577,29.55842644,65588.26877,,,344.1683656,9.1512,9.090909091,9.6,0.838,,,,28,Not Free,66.6,0.89,,1984,96,
BTN,Bhutan,the Kingdom of Bhutan,64,0.771612,2.315437338,8.055344373,11126.07149,37.4,,,17.606,14.89361702,23.8,0.654,68,,36.7,61,Partly Free,58.3,0.62,,1949,83,17
BWA,Botswana,the Republic of Botswana,72,2.351625,15.0619228,36.41676945,15452.72611,,,51.61330234,44.655,10.76923077,32.3,0.735,55,3.467,31.9,72,Free,67.6,0.66,57.1,1966,81,43
CAF,Central African Rep.,the Central African Republic,140,4.829764,2.380087758,4.921976346,987.276727,,,,124.8532,8.571428571,81,0.397,24,,25.2,9,Not Free,48.8,0,32.2,1960,70,73
CAN,Canada,Canada,124,38.005238,1644.037286,1808.129472,48090.99217,33.3,12.92,302.8360538,7.6822,28.99408284,4.2,0.929,74,7.103,40.2,98,Free,77.9,0.92,79,,,
CHE,Switzerland,the Swiss Confederation,756,8.636896,752.2480457,597.5741491,71760.58621,33.1,1.02,117.4651843,2.5246,41.5,3.6,0.955,84,7.571,60.1,96,Free,81.9,0.93,82.9,,,
CHL,Chile,the Republic of Chile,152,19.116209,252.940023,458.4826408,25067.6916,44.4,1.53,79.58667063,39.2248,22.58064516,6,0.851,67,6.172,45.6,93,Free,75.2,0.85,69,,,
CHN,China,the People's Republic of China,156,1410.929362,14722.7307,24102.01866,17204.35583,38.5,137.88,88.26952031,7.651,24.94117647,6.8,0.761,45,5.339,41.9,9,Not Free,58.4,0.58,62.2,1949,107,42
CIV,Côte d'Ivoire,the Republic of Côte d'Ivoire,384,26.378275,61.34857947,139.7075013,5463.479259,,,24.31153357,114.6898,10.98039216,58.6,0.538,36,,39.6,44,Partly Free,61.7,0.02,48.5,1960,121,79
CMR,Cameroon,the Republic of Cameroon,120,26.545864,40.80444973,100.4042399,3866.079027,,,13.3018714,101.1876,31.11111111,50.2,0.563,27,5.142,39.9,16,Not Free,53.4,0.01,41.8,1960,115,74
COD,Dem. Rep. Congo,the Democratic Republic of the Congo,180,89.561404,48.71696086,99.55392392,1141.393934,,,15.44993699,120.9912,10,66.1,0.48,19,,40.5,20,Not Free,49,0,35.1,,,
COD,Dem. Rep. Congo,the Democratic Republic of the Congo,180,89.561404,48.71696086,99.55392392,1141.393934,,,15.44993699,120.9912,10,66.1,0.48,19,,40.5,20,Not Free,49,0,35.1,,,
COG,Congo,the Republic of the Congo,178,5.518092,10.18712234,16.86644943,3620.968297,,,22.01661482,109.6422,11.25827815,34.9,0.574,21,5.342,47.2,,,50.7,0.22,41,1960,80,71
COK,Cook Is.,the Cook Islands ,184,,,,,,,,,,,,,,,,,,0.88,,,,
COL,Colombia,the Republic of Colombia,170,50.882884,271.4375963,726.781261,14570.23674,51.3,1.68,28.73342571,64.313,18.71345029,11.8,0.767,39,6.012,60.2,65,Partly Free,68.1,0.79,58,,,
COM,Comoros,the Union of the Comoros,174,0.869595,1.235400352,2.72292462,3151.957145,,,,62.7702,6.060606061,48.3,0.554,20,4.289,42.4,42,Partly Free,55.7,0.2,46.5,,,
CPV,Cabo Verde,the Republic of Cabo Verde,132,0.555988,1.703698677,3.456729626,6374.267776,,,,71.6302,23.61111111,12.8,0.665,58,,,92,Free,63.8,0.67,57.4,,,
CRI,Costa Rica,the Republic of Costa Rica,188,5.094114,61.84689512,101.5022103,21143.34282,48.2,,40.59631934,51.5772,45.61403509,7.5,0.81,58,7.069,62.1,91,Free,64.2,0.85,68.7,,,
CUB,Cuba,the Republic of Cuba,192,11.326616,107.352,,,,,41.05962885,51.4392,53.2231405,3.8,0.783,46,,,13,Not Free,28.1,0.85,53.6,,,
CUW,Curaçao,,,0.155014,2.595821709,3.441337551,21405.85052,,,502.0266249,27.2864,,,,,,,,,,,,,,
CYM,Cayman Is.,,,0.06572,5.591623665,3.557308955,71567.38081,,,,,,,,,,,,,,,,,,
CYP,Cyprus,the Republic of Cyprus,196,1.207361,24.61264649,33.43903727,38458.19126,32.7,0.09,67.94327031,4.3352,17.85714286,1.8,0.887,53,6.223,49.4,94,Free,71.4,0.9,70.8,,,
CZE,Czechia,the Czech Republic,203,10.698896,245.34949,434.1972573,42049.18595,25,1.46,153.1772696,11.8908,22.5,2.5,0.9,54,6.965,46.8,91,Free,73.8,0.87,74.6,,,
DEU,Germany,the Federal Republic of Germany,276,83.240525,3846.413929,4642.648761,54263.64961,31.9,11.48,151.4925769,7.6186,30.88857546,3.2,0.947,80,7.155,52.7,94,Free,72.5,0.92,80.6,,,
DJI,Djibouti,the Republic of Djibouti,262,0.988002,3.384385217,5.543964085,5779.60987,41.6,,,18.0458,26.15384615,48.4,0.524,30,,,24,Not Free,56.2,0.39,48.2,1977,115,59
DMA,Dominica,the Commonwealth of Dominica,212,0.071991,0.504214815,0.802433152,10849.18676,,,,,25,30.9,0.742,55,,,93,Free,53,0.56,,,,
DNK,Denmark,the Kingdom of Denmark,208,5.831404,356.0848677,365.0212545,60551.64017,28.2,0.56,111.7722791,4.215,39.10614525,3.2,0.94,88,7.62,45.3,97,Free,77.8,0.92,83.9,,,
DOM,Dominican Rep.,the Dominican Republic,214,10.847904,78.84470233,184.9686777,17928.97707,41.9,,29.83363524,91.8084,26.84210526,23.5,0.756,30,5.545,54.8,67,Partly Free,62.1,0.6,58.7,,,
DZA,Algeria,the People's Democratic Republic of Algeria,12,43.851043,145.0091815,486.3158536,11320.01882,,2.18,52.68085715,9.5966,25.75757576,20,0.748,33,4.887,46.5,32,Not Free,49.7,0.7,52.2,1962,132,81
ECU,Ecuador,the Republic of Ecuador,218,17.64306,98.80801,186.6701708,10891.71474,45.7,0.62,35.27698501,78.2642,37.95620438,12,0.759,36,5.764,58.8,67,Partly Free,52.4,0.78,56.8,,,
EGY,Egypt,the Arab Republic of Egypt,818,102.334403,365.2526513,1249.560604,12602.30927,31.5,3.46,32.83773049,52.353,14.93288591,17.3,0.707,33,4.283,43.2,18,Not Free,55.7,0.71,48.4,1956,80,57
ERI,Eritrea,the State of Eritrea,232,,,,,,,9.758876864,48.8526,22,30.5,0.459,22,,,2,Not Free,42.3,0.01,34.6,,,
ESH,W. Sahara,,,,,,,,,,,,,,,,,,,,,,,,
ESP,Spain,the Kingdom of Spain,724,47.351567,1281.48464,1826.277701,38343.15522,34.7,4.71,102.0390377,7.2558,44,2.6,0.904,61,6.491,52.3,90,Free,69.9,0.9,75.4,,,
EST,Estonia,the Republic of Estonia,233,1.331057,30.65028547,50.37828627,37925.1168,30.3,0.18,165.6109534,6.4996,29.7029703,1.9,0.892,74,6.189,34.4,94,Free,78.2,0.85,78.1,,,
ETH,Ethiopia,the Federal Democratic Republic of Ethiopia,231,114.963583,107.6450543,276.9239438,2421.909863,,,19.5689807,63.4226,38.75685558,36.5,0.485,39,4.275,41.7,22,Not Free,51.7,0.27,42.8,1950,15,61
FIN,Finland,the Republic of Finland,246,5.530719,269.7513129,285.8212072,50810.52741,27.3,1.04,235.11106,5.5046,47,1.9,0.938,88,7.842,51.3,10,0 Free,76.1,0.93,83,,,
FJI,Fiji,the Republic of Fiji,242,0.896444,4.533883782,10.15833829,12074.34523,,,,48.9282,19.60784314,21.7,0.743,55,,,60,Partly Free,62.2,0.75,,1970,96,62
FLK,Falkland Is.,,,,,,,,,,,,,,,,,,,,,,,,
FRO,Faeroe Is.,the Faroe Islands,234,0.048865,3.12629322,,,,,,,,,,,,,,,,,,,,
FSM,Micronesia,the Federated States of Micronesia,583,0.115021,0.4100836,0.454780669,3551.992816,,,,12.5308,0,24.5,0.62,,,,92,Free,50.4,0.52,,,,
GAB,Gabon,the Gabonese Republic,266,2.225728,15.31682619,31.82511481,15100.74097,38,,106.9147164,90.9018,17.91044776,31.1,0.703,31,4.852,39.9,22,Not Free,58.1,0.5,47.5,1960,108,59
GBR,United Kingdom,the United Kingdom of Great Britain and Northern Ireland,826,67.215293,2764.197654,3036.262327,45852.68889,35.1,6.53,109.704868,11.912,32,3.7,0.932,78,7.064,56,93,Free,78.4,0.89,79.6,,,
GEO,Georgia,Georgia,268,3.714,15.84648961,52.26824548,14761.47707,35.9,,46.8369997,43.9616,14.76510067,8.5,0.812,55,4.891,44.3,60,Partly Free,77.2,0.7,62.3,,,
GGY,Guernsey,,,,,,,,,,,,,,,,,,,,,,,,
GHA,Ghana,the Republic of Ghana,288,31.072945,68.53228181,184.2733178,5742.293195,43.5,,13.16796227,64.9574,13.09090909,33.9,0.611,43,5.088,39.5,82,Free,59.2,0.34,54,1957,113,75
GIB,Gibraltar,,,0.033691,,,,,,230.6499223,,,,,,,,,,,,,,,
GIN,Guinea,the Republic of Guinea,324,13.132792,15.68105092,33.82263072,2816.273247,,,,131.436,22.80701754,63.8,0.477,25,4.984,38.1,38,Partly Free,56.5,0,43.9,1958,77,57
GMB,Gambia,the Republic of the Gambia,270,2.416664,1.868086275,5.404900493,2274.20905,,,,73.2266,10.34482759,35.9,0.496,37,5.051,,46,Partly Free,58.8,0,50.1,1965,304,53
GNB,Guinea-Bissau,the Republic of Guinea-Bissau,624,1.967998,1.431758243,3.899405794,1948.076635,,,,101.6274,13.7254902,52.3,0.48,21,,,44,Partly Free,54.9,0,41.7,1974,96,82
GNQ,Eq. Guinea,the Republic of Equatorial Guinea,226,1.402985,10.02185675,18.71536726,17933.83998,,,,151.2828,21,60.4,0.592,17,,,5,Not Free,49.2,0.2,46.3,1968,190,72
GRC,Greece,the Hellenic Republic,300,10.715549,188.8352016,302.780982,28377.39427,32.9,0.95,86.59156362,6.6522,20.66666667,3.3,0.888,49,5.723,48.8,87,Free,60.9,0.86,67,,,
GRD,Grenada,Grenada,308,0.112519,1.042100556,1.737323134,15277.56024,,,,27.2106,46.66666667,14.7,0.779,53,,,89,Free,,0.63,,,,
GRL,Greenland,,,0.056367,2.982247279,,,,,,,,,,,,,,,,,,,,
GTM,Guatemala,the Republic of Guatemala,320,16.858333,77.60463217,146.5503714,8850.373033,,,34.26917874,68.582,19.375,20.7,0.663,25,6.435,57.9,52,Partly Free,64,0.6,53.3,,,
GUM,Guam,,,0.168783,5.844,,,,,,29.5002,,,,,,,,,,,,,,
GUY,Guyana,the Co-operative Republic of Guyana,328,0.786559,5.471256595,13.05595708,19697.24379,,,,71.3544,31.88405797,24.4,0.682,39,,,73,Free,57.4,0.56,55.7,,,
HKG,Hong Kong,,,7.4818,346.5858815,467.4692984,59212.0506,,0.88,78.19511573,2.5874,,,0.949,76,5.477,33.9,,,,0.99,77.9,1997,155,
HMD,Heard I. and McDonald Is.,,,,,,,,,,,,,,,,,,,,,,,,
HND,Honduras,the Republic of Honduras,340,9.904608,23.66223163,50.00223607,5418.215811,48.2,,23.72778308,70.7808,21.09375,14.5,0.634,23,5.919,57.7,44,Partly Free,59.8,0.62,51.8,,,
HRV,Croatia,the Republic of Croatia,191,4.0472,57.2037832,118.350635,29133.98948,29.7,0.31,75.31239069,7.8494,20.52980132,4.1,0.851,47,5.882,46.2,85,Free,63.6,0.84,68,,,
HTI,Haiti,the Republic of Haiti,332,11.402533,14.50821802,35.34946643,3094.041454,,,15.62227123,50.2312,2.542372881,48.2,0.51,20,3.615,38.2,37,Partly Free,50.8,0.14,39.6,,,
HUN,Hungary,Hungary,348,9.749763,155.8084362,315.5032699,33253.88003,29.6,0.92,96.53937589,24.5722,12.56281407,3,0.854,43,5.992,45.4,69,Partly Free,67.2,0.79,66.7,,,
IDN,Indonesia,the Republic of Indonesia,360,273.523621,1058.423838,3212.050602,12068.23975,38.2,7.68,35.07683404,46.4364,17.39130435,20.2,0.718,38,5.345,49.6,59,Partly Free,66.9,0.64,60.6,1962,343,82
IMN,Isle of Man,,,0.085032,7.315388052,,,,,,,,,,,,,,,,0.83,,,,
IND,India,the Republic of India,356,1380.004385,2660.245249,8888.381247,6501.526071,,30.31,25.2612074,10.9646,14.39114391,28.3,0.645,40,3.819,36.4,67,Partly Free,56.5,0.52,53.6,1947,190,69
IOT,Br. Indian Ocean Ter.,,,,,,,,,,,,,,,,,,,,,,,,
IRL,Ireland,Ireland,372,4.994724,425.888951,361.9742466,95237.2413,31.4,0.59,111.9016974,6.5982,22.15189873,2.8,0.955,74,7.085,51.1,97,Free,81.4,0.91,79.6,,,
IRN,Iran,the Islamic Republic of Iran,364,83.992953,203.471304,1117.134793,13333.04659,42,11.4,121.4459261,40.7514,5.882352941,12,0.783,25,4.721,43.6,16,Not Free,47.2,0.67,48,1921,93,21
IRQ,Iraq,the Republic of Iraq,368,40.222503,166.7569844,378.0924144,9503.185149,,1.95,57.06049811,71.7502,25.22796353,21.8,0.674,23,4.854,45.3,29,Not Free,,0.62,43.9,1958,44,46
ISL,Iceland,the Republic of Iceland,352,0.366425,21.71807573,19.63567201,55224.6848,26.1,0.2,693.6184082,5.5442,38.0952381,1.6,0.949,74,7.554,48,94,Free,77.4,0.93,80.1,,,
ISR,Israel,the State of Israel,376,9.2169,407.1007366,386.7271414,42390.87755,39,1,110.234982,8.777,23.33333333,3,0.919,59,7.157,48.2,76,Free,73.8,0.89,71.9,,,
ITA,Italy,the Republic of Italy,380,59.554023,1888.709444,2525.383961,41890.20879,35.9,5.55,98.48396595,4.98,35.71428571,2.7,0.892,56,6.483,50.7,90,Free,64.9,0.9,72,,,
JAM,Jamaica,Jamaica,388,2.961161,13.81242504,26.45538115,9238.134165,,,38.76485719,49.8802,17.46031746,11.9,0.734,44,6.309,57.9,80,Free,69,0.77,60.4,,,
JEY,Jersey,,,,,,,,,,,,,,,,,,,,0.84,,,,
JOR,Jordan,the Hashemite Kingdom of Jordan,400,10.20314,43.6976593,105.3142523,10351.15251,,,36.39421619,25.8058,15.38461538,13.4,0.729,49,4.395,43.9,34,Not Free,64.6,0.66,57.2,1956,38,30
JPN,Japan,Japan,392,125.836021,5057.758959,5343.48596,41732.86862,,16.14,136.0561217,3.5488,10.10752688,1.8,0.919,73,5.94,47.1,96,Free,74.1,0.92,77.7,1911,57,9
KAZ,Kazakhstan,the Republic of Kazakhstan,398,18.75444,171.0823795,457.6484987,26744.41403,27.8,2.95,175.9806712,28.978,27.10280374,9.3,0.825,37,6.152,38.6,23,Not Free,71.1,0.75,60.4,,,
KEN,Kenya,the Republic of Kenya,404,53.7713,101.0137265,241.9561617,4576.200469,,,20.0795608,73.01,21.7765043,31.9,0.601,30,4.607,45.2,48,Partly Free,54.9,0.14,51.1,1963,122,89
KGZ,Kyrgyzstan,the Kyrgyz Republic,417,6.5916,7.735976273,31.31940093,4962.884505,29.7,,25.81001312,32.1198,19.16666667,16.4,0.697,27,5.744,53.7,28,Not Free,63.7,0.64,56.1,,,
KHM,Cambodia,the Kingdom of Cambodia,116,16.718971,25.80856155,71.00231659,4419.83411,,,16.54147473,51.2638,20,22.8,0.594,23,4.83,48,24,Not Free,57.3,0.43,49.2,1955,92,68
KIR,Kiribati,the Republic of Kiribati,296,0.119446,0.197508774,0.508684621,2382.547288,,,,14.6322,6.52173913,40.1,0.63,,6.372,,93,Free,44.4,0.6,,,,
KNA,St. Kitts and Nevis,Saint Kitts and Nevis,659,0.053192,0.980740741,1.392600307,25643.76649,,,,,13.33333333,12.9,0.779,,,,89,Free,,0.63,,,,
KOR,South Korea,the Republic of Korea,410,51.780579,1637.895803,2260.347379,43319.2383,31.4,11.18,214.8189657,1.2618,16.66666667,2.7,0.916,62,5.845,39.8,83,Free,74,0.89,73.5,1945,69,63
KWT,Kuwait,the State of Kuwait,414,4.270563,105.9602257,247.9416125,47289.37168,,1.43,364.2477483,7.5776,4.615384615,6.8,0.806,43,6.106,33.3,37,Partly Free,64.1,0.87,61.2,1961,62,30
LAO,Laos,the Lao People's Democratic Republic,418,7.275556,19.13263571,56.71699091,8236.098391,38.8,,,64.468,27.51677852,36.4,0.613,30,5.03,42.8,13,Not Free,53.9,0.4,50.1,1955,62,56
LBN,Lebanon,the Lebanese Republic,422,6.825442,31.73521778,80.78089904,12114.06056,,,47.49548501,13.9476,4.6875,6.2,0.744,24,4.584,39,43,Partly Free,51.4,0.67,51.9,1944,84,43
LBR,Liberia,the Republic of Liberia,430,5.057677,3.2011878,6.587700915,1467.811781,35.3,,,135.1704,12.32876712,62.2,0.48,29,4.625,46,60,Partly Free,49.2,0,44.1,1976,155,77
LBY,Libya,the State of Libya,434,6.871287,25.41891603,78.9040145,10842.25253,,,111.4561147,5.6606,15.95744681,9.9,0.724,17,5.41,42.7,9,Not Free,,0.75,40.9,1951,40,45
LCA,Saint Lucia,Saint Lucia,662,0.183629,1.616772741,2.195552979,12705.09815,51.2,,,39.2224,16.66666667,20,0.759,56,,,91,Free,67.5,0.79,,,,
LIE,Liechtenstein,,,0.038137,6.68444355,,,,,,,12,,0.919,,,,,,,0.84,,,,
LKA,Sri Lanka,the Democratic Socialist Republic of Sri Lanka,144,21.919,80.67668193,281.9211014,13219.68883,39.3,0.31,20.45712696,20.4548,5.333333333,6.1,0.782,37,4.325,46.8,56,Partly Free,55.7,0.74,56.5,1948,351,58
LSO,Lesotho,the Kingdom of Lesotho,426,2.142252,1.875227642,5.856152956,2443.168125,44.9,,,92.43,23.33333333,68.1,0.527,38,3.512,27.3,63,Partly Free,53.5,0.16,44.8,1966,121,40
LTU,Lithuania,the Republic of Lithuania,440,2.7947,56.54695748,106.362422,39191.94871,35.7,0.24,94.73471899,9.5512,21.27659574,3,0.882,61,6.255,36.9,90,Free,76.9,0.83,71.8,,,
LUX,Luxembourg,the Grand Duchy of Luxembourg,442,0.632275,73.35313279,52.91535121,118503.551,35.4,0.13,259.8616875,4.4806,25,2.2,0.916,81,7.324,31.7,97,Free,76,0.92,81.1,,,
LVA,Latvia,the Republic of Latvia,428,1.901548,33.70732082,61.23816018,32212.39316,35.1,0.14,86.38410827,15.4318,30,3.1,0.866,59,6.032,34.1,89,Free,72.3,0.79,72.1,,,
MAC,Macao,,,0.649342,25.58611108,75.22233217,60872.83896,,,,2.2262,,,,,,,,,,0.93,,,,
MAF,St-Martin,,,0.038659,,,,,,,,,,,,,,,,,,,,,
MAR,Morocco,the Kingdom of Morocco,504,36.910558,114.7250653,272.2220578,7296.158065,,0.83,22.0296404,30.328,20.50632911,18.3,0.686,39,4.918,50.9,37,Partly Free,63.3,0.63,56,1956,52,52
MCO,Monaco,the Principality of Monaco,492,0.039244,7.42370984,,,,,,,33.33333333,2.5,,,,,83,Free,,1,,,,
MDA,Moldova,the Republic of Moldova,498,2.620495,11.91554726,35.40152922,12995.56041,25.7,,45.85840013,21.9454,25.74257426,12.4,0.75,36,5.766,51,61,Partly Free,62.5,0.75,59,,,
MDG,Madagascar,the Republic of Madagascar,450,27.691019,13.05607998,41.48466048,1543.585304,,,,105.8848,15.89403974,36.5,0.528,26,4.208,44.2,60,Partly Free,57.7,0.21,44.5,1960,75,68
MDV,Maldives,the Republic of Maldives,462,0.540542,3.742769967,6.712348779,13438.47641,31.3,,,7.0176,4.597701149,6.5,0.74,40,5.198,,40,Partly Free,55.2,0.83,,,,
MEX,Mexico,the United Mexican States,484,128.932753,1073.915881,2339.924735,18793.74454,45.4,6.14,61.00345207,58.5434,48.2,12.2,0.779,31,6.317,54.3,61,Partly Free,65.5,0.83,59.2,,,
MHL,Marshall Is.,the Republic of the Marshall Islands,584,0.059194,0.2444624,0.299389847,4146.393468,,,,,6.060606061,26.4,0.704,,,,93,Free,,0.56,,,,
MKD,North Macedonia,the Republic of North Macedonia ,807,2.072531,12.26371012,33.9138284,17015.22949,33,0.09,50.34520332,14.601,39.16666667,5.3,0.774,39,5.101,43.9,66,Partly Free,68.6,0.78,61,,,
MLI,Mali,the Republic of Mali,466,20.250834,17.46539292,45.58218003,2347.113815,,,,164.6066,9.523809524,60.2,0.434,29,4.723,39.3,33,Not Free,55.6,0,41.6,1960,80,55
MLT,Malta,the Republic of Malta,470,0.525285,14.64738461,20.38274381,42640.1161,28.7,,70.69579641,12.1142,14.92537313,6.1,0.895,54,6.602,43.5,90,Free,70.2,0.9,74.9,,,
MMR,Myanmar,the Republic of the Union of Myanmar,104,54.409794,79.85204661,271.0785856,5121.917559,30.7,,14.65628372,27.9042,11.31639723,35.8,0.583,28,4.426,40,28,Not Free,55.2,0.45,45.6,1948,122,68
MNE,Montenegro,Montenegro,499,0.621306,4.769860741,12.96642173,20542.7146,38.5,,61.04324193,8.249,28.39506173,2,0.829,46,5.581,41.3,63,Partly Free,63.4,0.76,64.3,,,
MNG,Mongolia,Mongolia,496,3.278292,13.31298159,36.69178519,12362.34183,32.7,,72.544913,31.8838,17.33333333,13.4,0.737,35,5.677,24.5,84,Free,62.4,0.58,56.5,,0,0
MNP,N. Mariana Is.,,,0.057557,1.182,,,,,,,,,,,,,,,,,,,,
MOZ,Mozambique,the Republic of Mozambique,508,31.255435,14.01944661,39.19799801,1296.921395,,,17.56635289,143.8756,41.2,54.8,0.456,26,4.794,44.2,43,Partly Free,51.6,0.07,42.7,1975,406,77
MRT,Mauritania,the Islamic Republic of Mauritania,478,4.64966,7.913680231,24.71811515,5388.078903,,,,68.207,20.26143791,50.1,0.546,28,4.227,34.7,35,Partly Free,56.1,0,40.9,1960,102,48
MSR,Montserrat,,,,,,,,,,,,,,,,,,,,,,,,
MUS,Mauritius,the Republic of Mauritius,480,1.26574,10.9206062,28.31158045,20522.85994,36.8,,44.10478818,24.8222,20,14.3,0.804,54,6.049,51.5,87,Free,77,0.84,66.4,,,
MWI,Malawi,the Republic of Malawi,454,19.129955,12.18234821,29.66798111,1591.012708,44.7,,,131.5186,22.91666667,30.9,0.483,35,3.6,38.7,66,Partly Free,53,0.11,46.6,1964,79,55
MYS,Malaysia,Malaysia,458,32.365998,337.0060664,885.2119859,27913.28927,,3.9,119.1865485,13.5196,14.41441441,7.3,0.81,48,5.384,41.7,51,Partly Free,74.4,0.84,67.3,1963,452,66
NAM,Namibia,the Republic of Namibia,516,2.540916,10.61919451,23.33074733,9294.624331,,,31.52037847,59.637,42.70833333,30.7,0.646,49,4.574,36.8,77,Free,62.6,0.53,55.9,,,
NCL,New Caledonia,,,0.27196,9.438127994,,,,,,14.0804,,,,,,,,,,,,,,
NER,Niger,the Republic of the Niger,562,24.206636,13.74137845,29.8455051,1287.778851,,,5.953021823,180.4888,16.95906433,46.7,0.394,31,5.074,41.4,48,Partly Free,57.3,0,42.1,1960,63,54
NFK,Norfolk Island,,,,,,,,,,,,,,,,,,,,,,,,
NGA,Nigeria,the Federal Republic of Nigeria,566,206.139587,432.2937763,1029.732976,5184.480233,35.1,,30.30335547,103.564,3.38028169,74.2,0.539,24,4.759,34.1,45,Partly Free,58.7,0,43,1960,109,61
NIC,Nicaragua,the Republic of Nicaragua,558,6.624554,12.62150538,35.82094325,5567.647462,,,23.66086156,81.6196,44.56521739,14.3,0.66,20,5.972,55.2,30,Not Free,56.3,0.6,50.9,,,
NIU,Niue,Niue,570,,,,,,,,,,,,,,,,,,0.89,,,,
NLD,Netherlands,the Kingdom of the Netherlands,528,17.441139,913.8653958,1016.859688,59334.21484,28.1,3.19,167.980726,3.6176,31.33333333,3.5,0.944,82,7.464,54.9,98,Free,76.8,0.9,82.2,,,
NPL,Nepal,the Federal Democratic Republic of Nepal,524,29.136808,33.65717556,118.1264818,4007.012803,,,17.2409431,63.677,32.72727273,25.6,0.602,33,5.269,53.1,56,Partly Free,50.7,0.43,50.2,1947,131,13
NRU,Nauru,the Republic of Nauru,520,0.010834,0.114626626,0.22160276,14334.83232,,,,,10.52631579,25.7,,,,,77,Free,,0.79,,,,
NZL,New Zealand,New Zealand,554,5.0843,210.700849,217.4325741,44212.87648,,0.8,175.8566854,17.9392,40.83333333,3.9,0.931,88,7.277,57.4,99,Free,83.9,0.92,80.9,,,
OMN,Oman,the Sultanate of Oman,512,5.106622,64.64839304,130.5644886,,,1.3,239.7109927,12.3368,2.325581395,9.8,0.813,52,,,23,Not Free,64.6,0.86,59.9,1971,121,30
PAK,Pakistan,the Islamic Republic of Pakistan,586,220.892331,262.6100029,1040.642989,4811.097563,31.6,3.29,18.26375904,37.6192,20.23460411,55.7,0.557,28,4.934,45.1,37,Partly Free,51.7,0.36,44.1,1947,104,49
PAN,Panama,the Republic of Panama,591,4.314768,53.977037,111.9431771,26772.51154,49.8,,42.85270014,80.2492,21.12676056,12.8,0.815,36,6.18,57.9,83,Free,66.2,0.69,63.6,,,
PCN,Pitcairn Is.,,,,,,,,,,,,,,,,,,,,,,,,
PER,Peru,the Republic of Peru,604,32.971846,202.0143638,379.552445,11874.09814,41.5,0.95,31.35833333,55.0216,30,10.3,0.777,36,5.84,55.9,71,Partly Free,67.7,0.75,60.8,,,
PHL,Philippines,the Republic of the Philippines,608,109.581085,361.4893252,989.7910873,8386.724327,42.3,1.73,18.82165771,55.3644,27.96052632,21.6,0.718,33,5.88,57.1,56,Partly Free,64.1,0.59,56.7,1946,381,71
PLW,Palau,the Republic of Palau,585,0.018092,0.2577,0.300571104,16315.90752,,,,,12.5,15.8,0.826,,4.517,,92,Free,,0.9,,,,
PNG,Papua New Guinea,Independent State of Papua New Guinea,598,8.947027,24.66889968,37.91828509,4285.038164,,,,51.309,0,35.9,0.555,31,,,62,Partly Free,58.9,0.35,46.7,1975,91,50
POL,Poland,the Republic of Poland,616,37.950802,596.6243557,1258.395431,34406.2351,30.2,3.8,98.81935937,9.8004,28.69565217,3.8,0.88,56,6.166,45,82,Free,69.7,0.83,70.3,,,
PRI,Puerto Rico,,,3.194034,103.1383,76.64933692,35264.09763,,,,27.5156,,,,,,,,,,,,,,
PRK,North Korea,the Democratic People's Republic of Korea,408,25.778815,,,,,,18.86331267,0.289,17.61280932,13.1,,16,,,3,Not Free,5.2,0.59,,1945,69,63
PRT,Portugal,the Portuguese Republic,620,10.305564,228.539245,345.7766767,34090.73126,33.5,0.88,84.59195868,7.6224,38.69565217,3.1,0.864,62,5.929,46.3,96,Free,67.5,0.91,74.2,,,
PRY,Paraguay,the Republic of Paraguay,600,7.13253,35.6703015,90.37381565,13064.30933,45.7,,31.07511873,69.8608,15,16.6,0.728,30,5.653,47.6,65,Partly Free,62.6,0.71,57.5,,,
PSE,Palestine,,,4.803269,15.5613,31.78986407,5687.826475,33.7,,,50.9996,,16.6,0.708,,,50.3,,,,,,,,
PYF,Fr. Polynesia,,,0.280904,,,,,,,38.286,,,,,,,,,,,,,,
QAT,Qatar,the State of Qatar,634,2.88106,144.4113633,253.632029,89935.26785,,1.62,711.2302389,9.2572,9.756097561,5.6,0.848,63,6.14,24.3,25,Not Free,72,0.89,66.3,1971,55,18
ROU,Romania,Romania,642,19.286123,248.7155514,606.4735626,31945.74966,35.8,1.26,63.16246605,34.859,21.88449848,5.7,0.828,45,,46.2,83,Free,69.5,0.75,66.1,,,
RUS,Russia,the Russian Federation,643,144.10408,1483.497785,4036.148419,28213.44784,37.5,26.83,196.1491164,18.5402,15.77777778,4.9,0.824,29,5.477,34.9,20,Not Free,61.5,0.74,59.3,,,
RWA,Rwanda,the Republic of Rwanda,646,12.952209,10.33399146,28.00659392,2213.003654,43.7,,,38.59,61.25,26.3,0.543,53,3.415,39.2,21,Not Free,68.3,0.45,52.9,1961,62,55
SAU,Saudi Arabia,the Kingdom of Saudi Arabia,682,34.813867,700.1178733,1663.150356,46742.24456,,10.01,274.0459664,6.87,19.86754967,5.7,0.854,53,6.494,41.6,7,Not Free,66,0.86,58.6,1927,12,2
SDN,Sudan,the Republic of the Sudan,729,43.849269,21.32910952,169.0452877,4243.781936,,,15.66056493,57.599,,41,0.51,20,,39.6,17,Not Free,39.1,0.2,37,1956,58,57
SEN,Senegal,the Republic of Senegal,686,16.74393,24.64423459,57.2058317,3501.515601,,,11.07996263,68.707,41.81818182,32.7,0.512,43,5.132,51.2,71,Partly Free,58,0.28,52.5,1906,90,69
SGP,Singapore,the Republic of Singapore,702,5.685807,339.9984779,491.5116586,98483.342,,3.24,203.2495851,3.4968,23,2.1,0.938,85,6.377,45.5,48,Partly Free,89.7,0.91,79.1,1963,145,
SGS,S. Geo. and the Is.,,,,,,,,,,,,,,,,,,,,,,,,
SHN,Saint Helena,,,,,,,,,,,,,,,,,,,,,,,,
SLB,Solomon Is.,Solomon Islands,90,0.686878,1.545888426,1.840073575,2618.086198,,,,78.8202,4.081632653,16.8,0.567,43,,,79,Free,56.5,0.54,,1978,93,39
SLE,Sierra Leone,the Republic of Sierra Leone,694,7.976985,4.06328945,13.50746567,1726.461867,35.7,,,107.6284,12.32876712,80.9,0.452,34,3.849,29,65,Partly Free,51.7,0,42.9,1961,174,63
SLV,El Salvador,the Republic of El Salvador,222,6.486201,24.63872,51.68546112,8417.350529,38.8,,25.6304548,67.7682,30.95238095,11.4,0.673,34,6.061,56.3,63,Partly Free,61,0.71,54.9,,,
SMR,San Marino,the Republic of San Marino,674,0.033938,1.616369646,,,,,,,25,1.5,,,,,93,Free,,0.87,,,,
SOM,Somalia,the Federal Republic of Somalia,706,15.893219,4.98844144,15.56896646,986.7254508,36.8,,,95.2054,24.36363636,74,,13,,,7,Not Free,,0,35.1,1960,105,50
SPM,St. Pierre and Miquelon,,,,,,,,,,,,,,,,,,,,,,,,
SRB,Serbia,the Republic of Serbia,688,6.908224,53.33501643,129.7158405,19366.75554,36.2,,73.78808843,13.5828,37.65182186,4.6,0.806,38,6.078,53.2,64,Partly Free,67.2,0.74,62.3,,,
SSD,S. Sudan,the Republic of South Sudan,728,11.193729,,,,44.1,,2.632662923,56.8264,28.45953003,62.4,0.433,11,,,2,Not Free,,0,28.7,,,
STP,São Tomé and Principe,the Democratic Republic of Sao Tome and Principe,678,0.219161,0.47291447,0.931163015,4272.250469,56.3,,,92.0652,14.54545455,23.5,0.625,45,,,84,Free,55.9,0.48,54.7,,,
SUR,Suriname,the Republic of Suriname,740,0.586634,2.884248048,8.228725245,16728.51575,,,49.49731085,59.6242,31.37254902,16.1,0.738,39,,,79,Free,46.4,0.57,56.4,,,
SVK,Slovakia,the Slovak Republic,703,5.458827,105.1725645,172.8020646,32014.55326,25,0.59,119.195008,26.1864,20,4.7,0.86,52,6.331,46.6,90,Free,66.3,0.85,70.6,,,
SVN,Slovenia,the Republic of Slovenia,705,2.100126,53.58960958,83.6278815,40124.26023,24.6,0.26,125.9891038,3.5288,27.77777778,1.7,0.917,57,6.461,47.9,95,Free,68.3,0.88,74.8,,,
SWE,Sweden,the Kingdom of Sweden,752,10.353442,541.2200595,586.2996388,54929.52734,30,2.09,202.4948607,5.1692,47.27793696,2.1,0.945,85,7.363,50.5,10,0 Free,74.7,0.93,83.1,,,
SWZ,eSwatini,the Kingdom of Eswatini ,748,1.160164,3.972728948,9.250649826,8862.438736,54.6,,,74.0158,7.246376812,38.6,0.611,32,4.308,35.3,19,Not Free,55.1,0.28,46.3,1968,88,55
SXM,Sint Maarten,,,0.040812,,,,,,,,,,,,,,,,,,,,,
SYC,Seychelles,the Republic of Seychelles,690,0.098462,1.059886364,2.376569624,25758.01744,32.1,,,60.3988,21.21212121,12.3,0.796,70,,,77,Free,66.3,0.84,63.8,,,
SYR,Syria,the Syrian Arab Republic,760,17.500657,22.77788217,,,,,22.91064802,37.3104,13.2,17.9,0.567,13,,,1,Not Free,,0.62,37.1,1946,28,48
TCA,Turks and Caicos Is.,,,0.038718,0.924583,1.131215743,22277.49785,,,,,,,,,,,,,,,,,,
TCD,Chad,the Republic of Chad,148,16.425859,10.8290768,24.1701966,1601.761727,,,,154.7388,14.88095238,69.1,0.398,20,4.355,30.4,17,Not Free,50.4,0,33.5,1960,60,59
TGO,Togo,the Togolese Republic,768,8.278737,7.574636979,18.44137259,2222.670302,,,18.35312079,88.2846,16.48351648,45.8,0.515,30,4.107,37.3,43,Partly Free,57.5,0.22,44.4,1960,76,58
THA,Thailand,the Kingdom of Thailand,764,69.799978,501.6436535,1235.88679,18226.0057,34.9,4.85,78.13626846,44.4696,16.2,7.7,0.777,35,5.985,52.9,30,Not Free,69.7,0.81,60.5,1938,83,16
TJK,Tajikistan,the Republic of Tajikistan,762,9.537642,8.194150302,42.90823721,3856.76065,,,13.48642882,57.8652,19.04761905,29.6,0.668,25,5.466,55.2,8,Not Free,55.2,0.55,51.9,,,
TKM,Turkmenistan,Turkmenistan,795,6.031187,45.23142857,92.71282992,,,1.33,194.1862946,24.0468,25,36.3,0.715,19,5.066,33,2,Not Free,47.4,0.52,52,,,
TLS,Timor-Leste,the Democratic Republic of Timor-Leste,626,1.318442,1.9021568,6.836651801,4139.750669,,,,30.943,38.46153846,38.1,0.606,41,,,72,Free,44.7,0.47,,,,
TON,Tonga,the Kingdom of Tonga,776,0.105697,0.488829964,0.767199339,6692.649681,,,,13.9984,7.407407407,14.3,0.725,,,,79,Free,57.5,0.71,,,,
TTO,Trinidad and Tobago,the Republic of Trinidad and Tobago,780,1.399491,21.5880375,34.67895507,25014.37676,,0.59,569.9923668,28.5776,30.95238095,15.7,0.796,41,,31.6,82,Free,59,0.78,61,,,
TUN,Tunisia,the Republic of Tunisia,788,11.818618,41.62034999,124.6708392,10818.81689,,,37.71853421,7.859,22.58064516,14.5,0.74,44,4.596,43.9,71,Free,56.6,0.75,54.9,1956,87,45
TUR,Turkey,the Republic of Turkey,792,84.339067,719.9548217,2342.070802,28113.73658,41.9,5.96,65.5313035,24.5526,17.44966443,8.6,0.82,38,4.948,41.3,32,Not Free,64,0.81,55.7,1923,85,11
TUV,Tuvalu,Tuvalu,798,0.011792,0.04885555,0.075795706,4651.221147,,,,,6.25,20.2,,,,,93,Free,,0.87,,,,
TWN,Taiwan,,,,,,,,4.57,,,,,,68,6.584,43.2,94,Free,78.6,0.8,76.9,1945,321,66
TZA,Tanzania,the United Republic of Tanzania,834,59.734213,62.40970911,159.8167148,2780.055548,40.5,,19.72530277,115.467,36.8956743,36,0.529,39,3.623,37,34,Partly Free,61.3,0.25,49.5,1961,140,64
UGA,Uganda,the Republic of Uganda,800,45.741,37.60036818,103.1640258,2293.480728,42.8,,,113.3068,34.8583878,33.4,0.544,27,4.636,44.8,34,Not Free,58.6,0.29,46.8,1962,72,61
UKR,Ukraine,Ukraine,804,44.134693,155.4989891,558.9506376,13056.70207,26.6,3.14,92.63632215,22.2942,20.51886792,7.2,0.779,32,4.875,40.9,60,Partly Free,56.2,0.72,57.9,,,
UMI,U.S. Minor Outlying Is.,,,,,,,,,,,,,,,,,,,,,,,,
URY,Uruguay,the Eastern Republic of Uruguay,858,3.473727,53.62882744,74.90408881,22785.19992,39.7,,55.00163344,57.7502,19.19191919,6.1,0.817,73,6.431,57.5,98,Free,69.3,0.86,69.1,,,
USA,United States of America,the United States of America,840,329.484123,20893.746,21286.637,63413.51386,41.4,83.21,270.0043582,17.2524,23.43387471,5.6,0.926,67,6.951,37.4,83,Free,74.8,0.76,77.1,,,
UZB,Uzbekistan,the Republic of Uzbekistan,860,34.23205,59.92995111,263.8106368,7731.144448,,1.77,,24.6288,16,15.6,0.72,28,6.179,54.1,11,Not Free,58.3,0.73,53.9,,,
VAT,Vatican,,,,,,,,,,,,,,,,,,,,,,,,
VCT,St. Vin. and Gren.,Saint Vincent and the Grenadines,670,0.110947,0.807474074,1.41317581,12700.28743,,,,47.3596,13.04347826,13.4,0.738,59,,,91,Free,66.3,0.8,,,,
VEN,Venezuela,the Bolivarian Republic of Venezuela,862,28.435943,,,,,1.36,,84.6214,22.15568862,21,0.711,14,4.892,48.9,14,Not Free,24.7,0.8,42.6,,,
VGB,British Virgin Is.,,,0.030237,,,,,,,,,,,,,,,,,,,,,
VIR,U.S. Virgin Is.,,,0.10629,4.068,,,,,,26.4094,,,,,,,,,,,,,,
VNM,Vietnam,the Socialist Republic of Viet Nam,704,97.338583,271.1584424,793.2015573,8646.912276,35.7,3.88,,27.3746,26.72064777,15.9,0.704,39,5.411,48.4,19,Not Free,61.7,0.67,58.7,1956,97,71
VUT,Vanuatu,the Republic of Vanuatu,548,0.30715,0.881547929,1.01843156,3009.733927,,,,48.3794,0,21.9,0.609,45,,60.4,82,Free,60.5,0.68,,1980,93,55
WLF,Wallis and Futuna Is.,,,,,,,,,,,,,,,,,,,,,,,,
WSM,Samoa,the Independent State of Samoa,882,0.19841,0.807100821,1.291702551,6766.228447,,,,22.7044,10,12.9,0.715,,,,81,Free,61.9,0.77,,,,
YEM,Yemen,the Republic of Yemen,887,29.825968,,,,,,,57.9728,0.332225914,43.6,0.47,16,3.658,44.6,11,Not Free,,0.2,33.3,,,
ZAF,South Africa,the Republic of South Africa,710,59.30869,335.4421014,778.8241478,13355.59871,,4.64,106.9662948,67.7896,46.34760705,27.5,0.709,44,4.956,36.2,79,Free,59.7,0.6,56.7,1994,342,100
ZMB,Zambia,the Republic of Zambia,894,18.383956,18.11063136,61.7551473,3456.322534,,,,116.4976,17.96407186,42.4,0.584,33,4.073,34.4,52,Partly Free,50.4,0.47,48,1964,75,59
ZWE,Zimbabwe,the Republic of Zimbabwe,716,14.862927,18.0511708,50.79901926,3536.034132,50.3,,,80.3622,31.85185185,38.4,0.571,23,3.145,28.6,28,Not Free,39.5,0.19,43.6,1980,92,91